8532.390625,3611.913086
8532.390625,3611.913086
8532.390625,3611.913086
8532.390625,3611.913086
8532.390625,3611.913086
8532.390625,3611.913086
8532.390625,3611.913086
8532.390625,3611.913086
8532.390625,3611.913086
8532.390625,3611.913086
8532.390625,3611.913086
8532.390625,3611.913086
8532.390625,3611.913086
8532.390625,3611.913086
8532.390625,3611.913086
8532.390625,3611.913086
8532.390625,3611.913086
8532.390625,3611.913086
8532.390625,3611.913086
8532.390625,3611.913574
8532.390625,3611.913574
8532.390625,3611.913574
8532.390625,3611.913574
8532.390625,3611.913574
8532.390625,3611.913574
8532.390625,3611.913574
8532.390625,3611.913574
8532.390625,3611.913574
8532.390625,3611.913574
8532.390625,3611.913574
8532.390625,3611.913574
8532.390625,3611.913574
8532.390625,3611.913574
8532.390625,3611.913574
8532.390625,3611.913574
8532.390625,3611.913574
8532.390625,3611.913574
8532.390625,3600
8532.390625,3611.913574
8532.390625,3611.913574
8532.390625,3611.913574
8532.390625,3611.913574
8532.390625,3611.913574
8532.390625,3611.913574
8532.390625,3611.913574
8532.390625,3611.913574
8532.390625,3611.913574
8532.390625,3611.913574
8532.390625,3611.913574
8532.390625,3611.913574
8532.390625,3611.913574
8532.390625,3611.913574
8532.390625,3611.913574
8532.390625,3611.913574
8532.390625,3611.913574
8532.390625,3611.913574
8532.390625,3611.913574
8532.390625,3611.913574
8532.390625,3611.913574
8532.390625,3611.913574
8532.390625,3611.913574
8532.390625,3611.913574
8532.390625,3611.913574
8532.390625,3611.913574
8532.390625,3611.913574
8532.390625,3611.913574
8532.390625,3611.913574
8532.390625,3611.913574
8532.390625,3611.913574
8532.390625,3611.913574
8532.390625,3611.913574
8532.390625,3611.913574
8532.390625,3611.913574
8532.390625,3611.913574
8532.390625,3611.913574
8532.390625,3611.913574
8532.390625,3611.913574
8532.390625,3611.913574
8532.390625,3611.913574
8532.390625,3611.913574
8532.390625,3611.913574
8532.390625,3611.913574
8532.390625,3611.913574
8532.390625,3611.913574
8532.390625,3611.913574
8532.390625,3611.913574
8532.390625,3611.913574
8532.390625,3611.913574
8532.390625,3611.913574
8532.390625,3611.913574
8532.390625,3611.913574
8532.390625,3611.913574
8532.390625,3611.913574
8532.390625,3611.913574
8532.390625,3611.913574
8532.390625,3611.913574
8532.390625,3611.913574
8532.390625,3611.913574
8532.390625,3611.913574
8532.390625,3611.913574
8532.390625,3611.913574
8532.390625,3611.913574
8532.390625,3611.913574
8532.390625,3611.913574
8532.390625,3611.913574
8532.390625,3611.913574
8532.390625,3611.913574
8532.390625,3611.913574
8532.390625,3611.913574
8532.390625,3611.913574
8532.390625,3611.913574
8532.390625,3611.913574
8532.390625,3611.913574
8532.390625,3611.913574
8532.390625,3611.913574
8532.390625,3611.913574
8532.390625,3611.913574
8532.390625,3611.913574
8532.390625,3611.913574
8532.390625,3611.913574
8532.390625,3611.913574
8532.390625,3611.913574
8532.390625,3611.913574
8532.390625,3611.913574
8532.390625,3611.913574
8532.390625,3611.913574
8532.390625,3611.913574
8532.390625,3611.913574
8532.390625,3611.913574
8532.390625,3611.913574
8532.390625,3611.913574
8532.390625,3611.913574
8532.390625,3611.913574
8532.390625,3611.913574
8532.390625,3611.913574
8532.390625,3611.913574
8532.390625,3611.913574
8532.390625,3611.913574
8532.390625,3611.913574
8532.390625,3611.913574
8532.390625,3611.913574
8532.390625,3611.913574
8532.390625,3611.913574
8532.390625,3611.913574
8532.390625,3611.913574
8532.390625,3611.913574
8532.390625,3611.913574
8532.390625,3611.913574
8532.390625,3611.913574
8532.390625,3611.913574
8532.390625,3611.913574
8532.390625,3611.913574
8532.390625,3611.913574
8532.390625,3611.913574
8532.390625,3611.913574
8532.390625,3611.913574
8532.390625,3611.913574
8532.390625,3611.913574
8532.390625,3611.913574
8532.390625,3611.913574
8532.390625,3611.913574
8532.390625,3611.913574
8532.390625,3611.913574
8532.390625,3611.913574
8532.390625,3611.913574
8532.390625,3611.913574
8532.390625,3611.913574
8532.390625,3611.913574
8532.390625,3611.913574
8532.390625,3611.913574
8532.390625,3611.913574
8532.390625,3611.913574
8532.390625,3611.913574
8532.390625,3611.913574
8532.390625,3611.913574
8532.390625,3611.913574
8532.390625,3611.913574
8532.390625,3611.913574
8532.390625,3611.913574
8532.390625,3611.913574
8532.390625,3611.913574
8532.390625,3611.913574
8532.390625,3611.913574
8532.390625,3611.913574
8532.390625,3611.913574
8532.390625,3611.913574
8532.390625,3611.913574
8532.390625,3611.913574
8532.390625,3611.913574
8532.390625,3611.913574
8532.390625,3611.913574
8532.390625,3611.913574
8532.390625,3611.913574
8532.390625,3611.913574
8532.390625,3611.913574
8532.390625,3611.913574
8532.390625,3611.913574
8532.390625,3611.913574
8532.390625,3611.913574
8532.390625,3611.913574
8532.390625,3611.913574
8532.390625,3611.913574
8532.390625,3611.913574
8532.390625,3611.913574
8532.390625,3611.913574
8532.390625,3611.913574
8532.390625,3611.913574
8532.390625,3611.913574
8532.390625,3611.913574
8532.390625,3611.913574
8532.390625,3611.913574
8532.390625,3611.913574
8532.390625,3611.913574
8532.390625,3611.913574
8532.390625,3611.913574
8532.390625,3611.913574
8532.390625,3611.913574
8532.390625,3611.913574
8532.390625,3611.913574
8532.390625,3611.913574
8532.390625,3611.913574
8532.390625,3611.913574
8532.390625,3611.913574
8532.390625,3611.913574
8532.390625,3611.913574
8532.390625,3611.913574
8532.390625,3611.913574
8532.390625,3611.913574
8532.390625,3611.913574
8532.390625,3611.913574
8532.390625,3611.876221
8532.389648,3611.864502
8532.392578,3611.854736
8532.382812,3611.836914
8532.382812,3611.834961
8532.382812,36100
8532.376953,3611.793457
8532.37793,3611.771484
8532.37793,3611.770508
8532.378906,3611.769287
8532.378906,3611.764648
8532.378906,3611.763916
8532.378906,3611.762939
8532.378906,3611.761963
8532.379883,3611.760986
8532.379883,3611.76001
8532.379883,3611.759033
8532.379883,3611.758301
8532.378906,3611.75708
8532.378906,3611.756104
8532.378906,3611.754883
8532.378906,3611.753662
8532.37793,3611.752441
8532.37793,3611.751221
8532.375977,3611.748291
8532.374023,3611.746094
8532.373047,3611.745361
8532.37207,3611.744141
8532.37207,3611.74292
8532.371094,3611.741699
8532.371094,3611.740479
8532.371094,3611.739502
8532.371094,3611.738525
8532.371094,3611.737549
8532.371094,3611.736572
8532.371094,3611.73584
8532.37207,3611.735107
8532.37207,3611.734375
8532.37207,3611.733398
8532.37207,3611.732666
8532.373047,3611.731689
8532.373047,3611.730713
8532.373047,3611.72998
8532.374023,3611.729248
8532.374023,3611.728516
8532.374023,3611.727295
8532.375,3611.726807
8532.375,3611.72583
8532.375977,3611.724854
8532.375977,3611.724121
8532.375977,3611.7229
8532.376953,3611.721924
8532.376953,3611.720947
8532.37793,3611.719727
8532.37793,3611.718262
8532.37793,3611.717285
8532.378906,3611.71582
8532.379883,3611.714844
8532.379883,3611.713379
8532.380859,3611.711914
8532.380859,3611.710449
8532.381836,3611.708984
8532.381836,3611.70752
8532.382812,3611.705811
8532.382812,3611.70459
8532.382812,3611.702637
8532.383789,3611.701416
8532.384766,3611.699463
8532.385742,3611.697998
8532.385742,3611.696777
8532.386719,3611.695557
8532.387695,3611.694336
8532.388672,3611.693115
8532.389648,3611.691895
8532.390625,3611.690674
8532.391602,3611.689697
8532.391602,3611.688232
8532.391602,3611.687256
8532.392578,3611.686035
8532.392578,3611.685059
8532.392578,3611.684082
8532.392578,3611.68335
8532.393555,3611.682617
8532.393555,3611.681641
8532.392578,3611.679443
8532.392578,3611.677734
8532.392578,3611.676514
8532.391602,3611.675781
8532.391602,3611.674805
8532.391602,3611.674072
8532.391602,3611.67334
8532.391602,3611.672363
8532.391602,3611.671631
8532.391602,3611.670654
8532.391602,3611.669922
8532.391602,3611.669189
8532.391602,3611.668213
8532.392578,3611.66748
8532.392578,3611.665527
8532.392578,3611.664551
8532.393555,3611.663818
8532.393555,3611.662842
8532.394531,3611.659912
8532.394531,3611.658203
8532.395508,3611.657471
8532.395508,3611.656494
8532.395508,3611.655518
8532.394531,3611.654297
8532.394531,3611.653564
8532.394531,3611.652344
8532.394531,3611.651611
8532.395508,3611.650146
8532.395508,3611.649414
8532.395508,3611.648193
8532.395508,3611.647217
8532.395508,3611.64502
8532.395508,3611.640869
8532.394531,3611.63501
8532.394531,3611.634277
8532.394531,3611.632812
8532.394531,3611.63208
8532.394531,3611.630859
8532.394531,3611.628418
8532.393555,3611.627197
8532.393555,3611.625977
8532.393555,3611.624512
8532.393555,3611.623291
8532.393555,3611.621582
8532.394531,3611.614746
8532.394531,36100
8532.395508,3611.588379
8532.396484,3611.581055
8532.397461,3611.580078
8532.363281,3611.606201
8532.302734,3611.648437
8532.288086,3611.657715
8532.287109,3611.657959
8532.28418,3611.658447
8532.282227,3611.658447
8532.28125,3611.658447
8532.280273,3611.658691
8532.279297,3611.658691
8532.27832,3611.658691
8532.277344,3611.658691
8532.274414,3611.658691
8532.273437,3611.658203
8532.272461,3611.657715
8532.271484,3611.657471
8532.270508,3611.656982
8532.268555,3611.654541
8532.266602,3611.652344
8532.266602,3611.651611
8532.265625,3611.650146
8532.265625,3611.649414
8532.264648,3611.648437
8532.264648,3611.647705
8532.263672,3611.646484
8532.262695,3611.644287
8532.261719,3611.642822
8532.260742,3611.641846
8532.259766,3611.640381
8532.259766,3611.639404
8532.256836,3611.637207
8532.254883,3611.63501
8532.251953,3611.632812
8532.250977,3611.631836
8532.25,3611.630615
8532.249023,3611.629639
8532.248047,3611.627197
8532.248047,3611.625488
8532.248047,3611.623779
8532.248047,3611.621338
8532.248047,3611.620117
8532.248047,3611.61792
8532.24707,3611.611572
8532.24707,3611.610596
8532.24707,3611.608398
8532.24707,3611.607666
8532.246094,3611.606689
8532.245117,3611.606201
8532.225586,3611.656494
8532.225586,36000
8532.223633,3611.661621
8532.220703,3611.663574
8532.216797,3611.664795
8532.214844,3611.665283
8532.208984,3611.666748
8532.203125,3611.667725
8532.202148,3611.667725
8532.199219,3611.667969
8532.198242,3611.667969
8532.196289,3611.667725
8532.186523,3611.666992
8532.18457,3611.666748
8532.180664,3611.66626
8532.174805,3611.665527
8532.172852,3611.665039
8532.170898,3611.664795
8532.168945,3611.664062
8532.167969,3611.663574
8532.166016,3611.662842
8532.163086,3611.661377
8532.158203,3611.655518
8532.157227,3611.654297
8532.15625,3611.65332
8532.15625,3611.6521
8532.155273,3611.651123
8532.154297,3611.650146
8532.15332,3611.649414
8532.15332,3611.648682
8532.152344,3611.647949
8532.151367,3611.647217
8532.150391,3611.646729
8532.150391,3611.646729
8532.149414,3611.64624
8532.148437,3611.645996
8532.148437,3611.645996
8532.147461,3611.645996
8532.146484,3611.645752
8532.146484,3611.645508
8532.140625,3611.645264
8532.139648,3611.67627
8532.138672,3611.677246
8532.137695,3611.677979
8532.136719,3611.678955
8532.136719,3611.679687
8532.134766,3611.680664
8532.133789,3611.681396
8532.132812,3611.682373
8532.131836,3611.683105
8532.130859,3611.684082
8532.129883,3611.685059
8532.128906,3611.686035
8532.12793,3611.687012
8532.126953,3611.687988
8532.125,3611.689209
8532.124023,3611.690186
8532.123047,3611.69165
8532.12207,3611.692871
8532.121094,3611.694092
8532.120117,3611.695312
8532.118164,3611.698486
8532.117187,3611.699707
8532.120117,3611.722412
8532.120117,3611.723389
8532.120117,3611.724121
8532.119141,3611.724609
8532.118164,3611.725342
8532.116211,3611.727295
8532.216797,3611.745117
8532.22168,3611.749512
8532.22168,3611.750488
8532.22168,3611.751465
8532.22168,3611.752686
8532.220703,3611.753418
8532.219727,3611.754395
8532.21875,3611.754883
8532.217773,3611.755615
8532.216797,3611.756104
8532.21582,3611.756592
8532.213867,3611.75708
8532.212891,3611.757568
8532.210937,3611.758057
8532.209961,3611.758301
8532.208984,3611.758789
8532.207031,3611.759521
8532.206055,3611.759766
8532.204102,3611.760254
8532.203125,3611.760742
8532.201172,3611.76123
8532.200195,3611.761719
8532.198242,3611.762207
8532.197266,3611.762451
8532.195312,3611.762939
8532.193359,3611.763672
8532.192383,3611.764404
8532.19043,3611.765137
8532.189453,3611.766113
8532.189453,3611.76709
8532.188477,3611.768066
8532.1875,3611.769531
8532.186523,3611.770508
8532.248047,3611.760986
8532.260742,3611.755859
8532.268555,3611.753662
8532.270508,3611.753174
8532.272461,3611.752686
8532.274414,3611.752197
8532.276367,3611.751709
8532.27832,3611.751465
8532.279297,3611.751221
8532.28125,3611.751221
8532.283203,3611.751221
8532.285156,3611.751709
8532.286133,3611.751709
8532.288086,3611.751953
8532.290039,3611.752197
8532.291016,3611.752197
8532.294922,3611.752441
8532.296875,3611.752441
8532.297852,3611.752686
8532.299805,3611.752686
8532.301758,3611.752686
8532.302734,3611.752197
8532.304687,3611.751709
8532.305664,3611.751221
8532.308594,3611.75
8532.310547,3611.749512
8532.311523,3611.749512
8532.316406,3611.749512
8532.317383,3611.75
8532.318359,3611.750244
8532.320312,3611.750732
8532.321289,3611.751221
8532.324219,3611.751953
8532.326172,3611.752197
8532.328125,3611.752686
8532.330078,3611.75293
8532.331055,3611.753418
8532.335937,3611.754883
8532.337891,3611.755371
8532.311523,36100
8532.349609,36000
8532.399414,3612.11377
8532.421875,3612.081299
8532.423828,3612.080322
8532.405273,3612.04126
8532.407227,3610
8532.410156,3612.04248
8532.411133,3612.042725
8532.416992,3612.043945
8532.420898,3612.045654
8532.429687,3612.00293
8532.427734,3612.002197
8532.425781,3611.99585
8532.375977,36000
8532.385742,3611.912109
8532.384766,3611.909424
8532.385742,3611.908203
8532.387695,3611.905762
8532.388672,3611.905029
8532.389648,36000
8532.379883,3611.824463
8532.378906,3611.815918
8532.378906,3611.814697
8532.37793,3611.812988
8532.37793,3611.811768
8532.37793,3611.809814
8532.37793,3611.80835
8532.37793,3611.805176
8532.37793,3611.803467
8532.37793,3611.801514
8532.376953,3611.800049
8532.376953,3611.796631
8532.376953,3611.792969
8532.376953,3611.79126
8532.376953,3611.789307
8532.376953,3611.787598
8532.376953,3611.7854
8532.376953,3611.78418
8532.376953,3611.781982
8532.376953,3611.780518
8532.376953,3611.77832
8532.37793,3611.776611
8532.37793,3611.774902
8532.37793,3611.773193
8532.37793,3611.771973
8532.37793,3611.770508
8532.37793,3611.769531
8532.378906,3611.768799
8532.378906,3611.767578
8532.378906,3611.766602
8532.378906,3611.766357
8532.378906,3611.765381
8532.378906,3611.764404
8532.378906,3611.763672
8532.378906,3611.762695
8532.378906,3611.761963
8532.378906,3611.760742
8532.378906,3611.760254
8532.378906,3611.759521
8532.378906,3611.758789
8532.378906,3611.757568
8532.378906,3611.756592
8532.378906,3611.755371
8532.378906,3611.754395
8532.378906,3611.753174
8532.37793,3611.751953
8532.37793,3611.750488
8532.376953,3611.749023
8532.375977,3611.748291
8532.375,3611.746826
8532.374023,3611.746094
8532.373047,3611.745117
8532.37207,3611.744385
8532.37207,3611.743408
8532.371094,3611.742676
8532.371094,3611.741699
8532.371094,3611.740479
8532.371094,3611.739746
8532.371094,3611.73877
8532.371094,3611.738037
8532.371094,3611.737061
8532.37207,3611.736328
8532.37207,3611.735596
8532.37207,3611.734863
8532.373047,3611.734131
8532.373047,3611.733398
8532.373047,3611.732666
8532.373047,3611.731689
8532.374023,3611.731201
8532.374023,3611.730469
8532.374023,3611.72998
8532.375,3611.729004
8532.375,3611.728271
8532.375,3611.727539
8532.375,3611.726807
8532.375977,3611.726074
8532.375977,3611.725098
8532.375977,3611.724609
8532.375977,3611.723389
8532.376953,3611.722656
8532.376953,3611.721436
8532.376953,3611.720215
8532.37793,3611.719238
8532.37793,3611.718018
8532.37793,3611.716797
8532.378906,3611.71582
8532.379883,3611.714355
8532.379883,3611.712891
8532.380859,3611.71167
8532.380859,3611.710205
8532.380859,3611.708984
8532.381836,3611.707275
8532.382812,3611.705811
8532.382812,3611.704346
8532.382812,3611.702881
8532.383789,3611.701172
8532.384766,3611.699463
8532.384766,3611.698242
8532.385742,3611.697021
8532.386719,3611.696045
8532.387695,3611.695068
8532.388672,3611.694092
8532.389648,3611.693359
8532.389648,3611.692383
8532.390625,3611.691406
8532.390625,3611.690674
8532.391602,3611.689697
8532.391602,3611.688477
8532.392578,3611.687744
8532.392578,3611.686523
8532.392578,3611.685791
8532.392578,3611.684814
8532.393555,3611.683838
8532.393555,3611.682861
8532.393555,3611.681885
8532.393555,3611.680908
8532.392578,3611.679932
8532.392578,3611.678955
8532.392578,3611.677002
8532.392578,3611.676025
8532.392578,3611.675293
8532.391602,3611.674316
8532.391602,3611.67334
8532.391602,3611.672363
8532.391602,3611.671387
8532.391602,3611.670654
8532.391602,3611.669678
8532.391602,3611.668945
8532.391602,3611.667969
8532.391602,3611.66748
8532.391602,3611.666504
8532.392578,3611.665527
8532.392578,3611.664795
8532.392578,3611.663818
8532.393555,3611.663086
8532.393555,3611.662109
8532.394531,3611.661133
8532.394531,3611.659912
8532.394531,3611.65918
8532.395508,3611.658691
8532.395508,3611.657715
8532.395508,3611.656738
8532.395508,3611.655273
8532.395508,3611.654297
8532.395508,3611.65332
8532.395508,3611.6521
8532.395508,3611.651367
8532.395508,3611.650146
8532.395508,3611.649414
8532.395508,3611.648193
8532.395508,3611.646973
8532.395508,3611.645996
8532.395508,3611.64502
8532.395508,3611.643799
8532.396484,3611.642578
8532.396484,3611.641846
8532.396484,3611.640381
8532.396484,3611.639648
8532.396484,3611.638184
8532.395508,3611.637207
8532.395508,3611.635986
8532.395508,3611.633789
8532.395508,3611.632812
8532.394531,3611.631836
8532.394531,3611.630615
8532.394531,3611.629883
8532.394531,3611.628418
8532.393555,3611.626221
8532.393555,3611.625244
8532.393555,3611.623779
8532.393555,3611.622559
8532.393555,3611.621338
8532.393555,3611.620361
8532.393555,3611.618896
8532.394531,3611.617432
8532.394531,3611.616455
8532.394531,3611.61499
8532.394531,3611.613525
8532.394531,3611.612305
8532.393555,3611.61084
8532.393555,3611.609619
8532.393555,3611.608154
8532.393555,3611.606689
8532.393555,3611.60498
8532.393555,3611.60376
8532.393555,3611.602051
8532.393555,3611.599121
8532.394531,3611.597656
8532.394531,3611.594727
8532.395508,3611.593262
8532.395508,3611.591309
8532.395508,3611.590332
8532.395508,3611.588379
8532.396484,3611.587402
8532.396484,3611.585449
8532.396484,3611.584229
8532.397461,3611.583008
8532.397461,3611.581055
8532.397461,3611.580078
8532.397461,3611.579346
8532.396484,3611.578369
8532.359375,3611.621094
8532.354492,3611.624268
8532.351562,36000
8532.34375,3611.630859
8532.34082,3611.632812
8532.338867,3611.633545
8532.337891,3611.634521
8532.335937,3611.635498
8532.333984,3611.63623
8532.332031,3611.637207
8532.330078,3611.637695
8532.328125,3611.638428
8532.326172,3611.63916
8532.324219,3611.639893
8532.31543,3611.642578
8532.306641,3611.645508
8532.305664,3611.64624
8532.303711,3611.646973
8532.301758,3611.647705
8532.300781,3611.648193
8532.298828,3611.648437
8532.297852,3611.648926
8532.296875,3611.649414
8532.292969,3611.651855
8532.292969,3611.652588
8532.291992,3611.653564
8532.291992,3611.654053
8532.291016,3611.654785
8532.290039,3611.655518
8532.289062,3611.656006
8532.288086,3611.656494
8532.286133,3611.657471
8532.285156,3611.657715
8532.28418,3611.657715
8532.283203,3611.657959
8532.28125,3611.658203
8532.280273,3611.658447
8532.279297,3611.658447
8532.27832,3611.658447
8532.276367,3611.658691
8532.275391,3611.658691
8532.273437,3611.658691
8532.272461,3611.658203
8532.271484,3611.657715
8532.270508,3611.656982
8532.269531,3611.656494
8532.268555,3611.655518
8532.267578,3611.654541
8532.266602,3611.65332
8532.266602,3611.6521
8532.264648,3611.649902
8532.264648,3611.648926
8532.263672,3611.647949
8532.263672,3611.646729
8532.261719,3611.644287
8532.261719,3611.642822
8532.260742,3611.641846
8532.259766,3611.640137
8532.258789,3611.638916
8532.257812,3611.637451
8532.256836,3611.635986
8532.255859,3611.63501
8532.253906,3611.634033
8532.25293,3611.633057
8532.251953,3611.631836
8532.250977,3611.631104
8532.25,3611.629639
8532.249023,3611.628418
8532.248047,3611.627197
8532.24707,3611.625732
8532.24707,3611.624512
8532.24707,3611.621826
8532.248047,3611.620361
8532.248047,3611.619629
8532.249023,3611.618408
8532.249023,3611.617432
8532.249023,3611.614502
8532.248047,3611.611572
8532.248047,3611.61084
8532.24707,3611.609619
8532.246094,3611.608887
8532.245117,3611.607422
8532.239258,3611.60498
8532.237305,3611.60498
8532.230469,3611.606689
8532.227539,3611.624023
8532.225586,3611.626465
8532.224609,3611.627197
8532.224609,3611.627441
8532.222656,3611.628174
8532.222656,3611.628662
8532.220703,3611.629395
8532.219727,3611.629639
8532.21875,3611.630615
8532.217773,3611.631104
8532.216797,3611.631836
8532.21582,3611.632812
8532.214844,3611.633545
8532.211914,3611.638428
8532.212891,3611.644043
8532.21582,36000
8532.21875,3611.648193
8532.223633,3611.651855
8532.224609,3611.653076
8532.225586,3611.654053
8532.224609,3611.658936
8532.224609,3611.659912
8532.223633,3611.660645
8532.222656,3611.661621
8532.22168,3611.662109
8532.220703,3611.662842
8532.219727,3611.66333
8532.216797,3611.664551
8532.21582,3611.664795
8532.210937,3611.66626
8532.208984,3611.666504
8532.206055,3611.666992
8532.202148,3611.667236
8532.200195,3611.66748
8532.199219,3611.66748
8532.197266,3611.667236
8532.195312,3611.667236
8532.193359,3611.666992
8532.191406,3611.666748
8532.189453,3611.666748
8532.1875,3611.666504
8532.185547,3611.66626
8532.183594,3611.666016
8532.175781,3611.665283
8532.169922,3611.664062
8532.15918,3611.655762
8532.152344,3611.647705
8532.152344,3611.647461
8532.151367,3611.646973
8532.151367,3611.646484
8532.150391,3611.64624
8532.150391,3611.64624
8532.148437,3611.645996
8532.148437,3611.645752
8532.146484,3611.645264
8532.145508,3611.64502
8532.144531,3611.644775
8532.143555,3611.644531
8532.142578,3611.644531
8532.142578,3611.644531
8532.141602,3611.644531
8532.139648,3611.644775
8532.136719,3611.64624
8532.133789,3611.656982
8532.137695,3611.659912
8532.139648,3611.665283
8532.139648,3611.666992
8532.139648,3611.67334
8532.139648,3611.673828
8532.139648,3611.674561
8532.138672,3611.675049
8532.138672,3611.675781
8532.137695,3611.67627
8532.137695,3611.677002
8532.136719,3611.67749
8532.136719,3611.678223
8532.134766,3611.679687
8532.133789,3611.68042
8532.132812,3611.681152
8532.131836,3611.681885
8532.131836,3611.682617
8532.130859,3611.683594
8532.129883,3611.684326
8532.12793,3611.685303
8532.126953,3611.686279
8532.125977,3611.687256
8532.125,3611.688477
8532.124023,3611.689453
8532.123047,3611.690918
8532.12207,3611.69165
8532.121094,3611.693115
8532.120117,3611.69458
8532.119141,3611.695801
8532.118164,3611.697266
8532.118164,3611.698486
8532.117187,3611.699951
8532.117187,3611.701416
8532.116211,3611.703369
8532.119141,3611.720703
8532.119141,3611.723389
8532.118164,3611.724365
8532.117187,3611.730957
8532.118164,3611.731445
8532.119141,3611.732422
8532.121094,3611.733643
8532.125,3611.735352
8532.15625,3611.740723
8532.217773,3611.74585
8532.222656,3611.750977
8532.22168,3611.751709
8532.22168,3611.752686
8532.220703,3611.753418
8532.219727,3611.753906
8532.217773,3611.754883
8532.216797,3611.755615
8532.21582,3611.756104
8532.214844,3611.756836
8532.213867,3611.757324
8532.211914,3611.758057
8532.210937,3611.758545
8532.209961,3611.759277
8532.207031,3611.760498
8532.206055,3611.760986
8532.205078,3611.761719
8532.203125,3611.762207
8532.202148,3611.762451
8532.200195,3611.762939
8532.199219,3611.763184
8532.197266,3611.763672
8532.196289,3611.763916
8532.194336,3611.764404
8532.193359,3611.764893
8532.192383,3611.765381
8532.19043,3611.766113
8532.189453,3611.766846
8532.188477,36100
8532.267578,36000
8532.269531,3611.752197
8532.274414,36000
8532.276367,36000
8532.280273,3611.751221
8532.282227,3611.751465
8532.28418,3611.751709
8532.285156,3611.751953
8532.287109,3611.752197
8532.288086,3611.752197
8532.290039,3611.752686
8532.291992,3611.75293
8532.292969,3611.753174
8532.294922,3611.753418
8532.296875,3611.753418
8532.297852,3611.753418
8532.299805,3611.75293
8532.301758,3611.752197
8532.302734,3611.751709
8532.304687,3611.750977
8532.305664,3611.750488
8532.307617,3611.75
8532.308594,3611.749512
8532.311523,3611.749023
8532.313477,3611.748779
8532.31543,3611.749023
8532.316406,3611.749268
8532.320312,3611.750977
8532.322266,3611.751465
8532.323242,3611.751709
8532.325195,36000
8532.328125,3611.752686
8532.330078,3611.75293
8532.332031,3611.753418
8532.334961,3611.754395
8532.335937,3611.754883
8532.353516,3611.762207
8532.369141,3611.788086
8532.308594,3611.839355
8532.37793,3611.759521
8532.37793,3611.752197
8532.37207,3611.743164
8532.371094,3611.741455
8532.371094,3611.740479
8532.371094,3611.739502
8532.371094,3611.739014
8532.37207,3611.737305
8532.37207,3611.736572
8532.37207,3611.736084
8532.37207,3611.735107
8532.373047,3611.734375
8532.373047,3611.733643
8532.373047,3611.73291
8532.374023,3611.732178
8532.374023,3611.731201
8532.374023,3611.730469
8532.375,3611.729492
8532.375,3611.728516
8532.375,3611.727783
8532.375977,3611.726807
8532.375977,3611.72583
8532.375977,3611.724854
8532.375977,3611.723877
8532.376953,3611.722656
8532.376953,3611.72168
8532.376953,3611.720215
8532.37793,3611.719238
8532.37793,3611.717773
8532.378906,3611.716553
8532.379883,3611.713867
8532.379883,3611.712402
8532.380859,3611.710693
8532.380859,3611.709717
8532.381836,3611.708008
8532.381836,3611.706543
8532.382812,3611.704834
8532.382812,3611.703125
8532.383789,3611.70166
8532.384766,3611.700195
8532.384766,3611.698486
8532.386719,3611.695801
8532.388672,3611.694336
8532.388672,3611.693604
8532.389648,3611.692139
8532.390625,3611.691406
8532.391602,3611.689941
8532.392578,3611.688965
8532.392578,3611.687744
8532.392578,3611.686768
8532.393555,3611.685547
8532.393555,3611.684326
8532.393555,3611.68335
8532.392578,3611.681885
8532.392578,3611.680908
8532.392578,3611.679687
8532.392578,3611.678711
8532.392578,3611.67749
8532.392578,3611.676514
8532.391602,3611.675293
8532.391602,3611.674561
8532.391602,3611.673584
8532.391602,3611.672607
8532.391602,3611.671875
8532.391602,3611.670654
8532.391602,3611.669922
8532.391602,3611.668701
8532.391602,3611.667969
8532.391602,3611.666992
8532.392578,3611.66626
8532.392578,3611.665283
8532.392578,3611.664062
8532.392578,3611.66333
8532.393555,3611.662354
8532.393555,3611.661621
8532.393555,3611.660645
8532.394531,3611.65918
8532.394531,3611.658203
8532.394531,3611.657471
8532.394531,3611.656494
8532.395508,3611.655762
8532.395508,3611.654785
8532.395508,3611.653809
8532.395508,3611.652832
8532.395508,3611.651123
8532.395508,3611.650146
8532.395508,3611.648926
8532.395508,3611.647949
8532.395508,3611.646973
8532.395508,3611.645752
8532.395508,3611.64502
8532.395508,3611.643555
8532.395508,3611.642822
8532.395508,3611.641602
8532.395508,3611.640625
8532.395508,3611.639648
8532.395508,3611.638672
8532.395508,3611.636475
8532.394531,3611.633301
8532.394531,3611.63208
8532.394531,3611.631104
8532.394531,3611.629883
8532.393555,3611.628662
8532.393555,3611.627686
8532.393555,3611.626465
8532.393555,3611.625
8532.393555,3611.623779
8532.393555,3611.622559
8532.393555,3611.621338
8532.393555,3611.620361
8532.393555,3611.618896
8532.393555,3611.61792
8532.393555,361000
8532.393555,3611.614014
8532.393555,3611.612549
8532.393555,3611.608398
8532.393555,3611.606689
8532.393555,3611.60083
8532.393555,3611.599365
8532.393555,3611.5979
8532.394531,3611.592285
8532.395508,3611.587646
8532.395508,3611.586182
8532.397461,3611.58252
8532.397461,3611.581299
8532.397461,3611.580322
8532.350586,3611.628418
8532.349609,3611.629395
8532.335937,3611.636963
8532.328125,3611.639893
8532.319336,3611.642578
8532.317383,3611.643066
8532.316406,3611.643311
8532.31543,3611.643311
8532.30957,3611.645264
8532.308594,3611.645508
8532.307617,3611.645996
8532.306641,3611.646484
8532.302734,3611.647705
8532.301758,3611.647949
8532.300781,3611.648437
8532.300781,3611.648682
8532.297852,3611.649414
8532.295898,3611.650146
8532.294922,3611.650879
8532.293945,3611.651611
8532.291992,3611.654297
8532.291016,3611.65625
8532.290039,3611.656738
8532.289062,3611.657227
8532.288086,3611.657715
8532.287109,3611.658203
8532.287109,3611.658203
8532.285156,3611.658447
8532.28418,3611.658447
8532.283203,3611.658447
8532.282227,3611.658447
8532.28125,3611.658447
8532.280273,3611.658447
8532.280273,3611.658691
8532.279297,3611.658691
8532.27832,3611.658691
8532.277344,3611.658936
8532.276367,3611.658691
8532.275391,3611.658691
8532.274414,3611.658447
8532.273437,3611.658203
8532.272461,3611.657715
8532.271484,3611.657471
8532.271484,3611.657227
8532.269531,3611.656738
8532.269531,3611.656494
8532.268555,3611.656006
8532.268555,3611.655762
8532.267578,3611.654785
8532.266602,3611.654053
8532.265625,3611.653076
8532.265625,3611.651855
8532.264648,3611.650879
8532.263672,3611.649658
8532.263672,3611.648682
8532.263672,3611.646973
8532.262695,3611.645996
8532.262695,3611.64209
8532.261719,3611.641113
8532.261719,3611.639648
8532.260742,3611.638428
8532.259766,3611.637451
8532.258789,3611.636475
8532.257812,3611.635498
8532.256836,3611.634766
8532.255859,3611.634033
8532.254883,3611.633545
8532.253906,3611.632812
8532.25293,3611.632324
8532.251953,3611.631592
8532.250977,3611.631104
8532.25,3611.630615
8532.249023,3611.629639
8532.249023,3611.62915
8532.248047,3611.628418
8532.248047,3611.627441
8532.248047,3611.626221
8532.248047,3611.625
8532.248047,3611.624023
8532.248047,3611.621094
8532.249023,3611.620361
8532.249023,3611.618652
8532.249023,3611.617432
8532.249023,3611.615479
8532.249023,3611.614502
8532.249023,3611.613525
8532.249023,3611.612549
8532.249023,3611.611816
8532.248047,3611.610107
8532.24707,3611.608887
8532.246094,3611.607422
8532.244141,3611.606201
8532.242187,3611.605957
8532.241211,3611.605713
8532.240234,3611.605469
8532.238281,3611.605225
8532.235352,3611.605713
8532.231445,3611.606934
8532.230469,3611.606934
8532.225586,3611.615479
8532.226562,3611.617432
8532.229492,3611.622803
8532.226562,3611.626221
8532.224609,3611.627686
8532.220703,3611.631104
8532.219727,3611.631592
8532.217773,3611.632812
8532.216797,3611.633301
8532.21582,3611.633789
8532.214844,3611.634277
8532.227539,3611.655518
8532.227539,3611.656494
8532.227539,36000
8532.227539,3611.658447
8532.226562,3611.65918
8532.226562,3611.660156
8532.224609,3611.661133
8532.223633,3611.661377
8532.222656,3611.661621
8532.22168,3611.662109
8532.22168,3611.662354
8532.219727,3611.663086
8532.216797,3611.664551
8532.21582,3611.665283
8532.214844,3611.665771
8532.212891,3611.66626
8532.211914,3611.666748
8532.209961,3611.666992
8532.207031,3611.667725
8532.205078,3611.668213
8532.204102,3611.668213
8532.202148,3611.668457
8532.201172,3611.668701
8532.197266,36100
8532.195312,3611.668457
8532.193359,3611.668213
8532.192383,3611.668213
8532.189453,3611.667969
8532.182617,3611.667236
8532.180664,3611.666992
8532.178711,3611.666992
8532.176758,3611.666748
8532.173828,3611.666016
8532.171875,3611.665283
8532.169922,3611.664551
8532.168945,3611.663818
8532.166992,3611.663086
8532.164062,3611.661133
8532.163086,3611.660156
8532.162109,36000
8532.161133,3611.657715
8532.160156,3611.656494
8532.157227,3611.654297
8532.15625,3611.652832
8532.155273,3611.651855
8532.154297,3611.650635
8532.15332,3611.649658
8532.152344,3611.648926
8532.151367,3611.648437
8532.149414,3611.647949
8532.148437,3611.647461
8532.147461,3611.646973
8532.146484,3611.646484
8532.145508,3611.645996
8532.142578,3611.645264
8532.140625,3611.64502
8532.139648,3611.64502
8532.138672,3611.645264
8532.137695,3611.645508
8532.136719,3611.645752
8532.135742,3611.64624
8532.134766,3611.647461
8532.132812,3611.650391
8532.139648,3611.665283
8532.139648,3611.665771
8532.139648,3611.66626
8532.139648,361000
8532.139648,3611.671387
8532.139648,3611.672363
8532.139648,3611.673096
8532.139648,3611.673828
8532.138672,3611.674561
8532.138672,3611.675537
8532.137695,3611.676025
8532.137695,3611.677002
8532.136719,3611.677734
8532.135742,3611.678711
8532.135742,3611.679443
8532.134766,3611.68042
8532.133789,3611.681152
8532.132812,3611.682129
8532.131836,3611.683105
8532.131836,3611.684082
8532.129883,3611.685303
8532.129883,3611.685791
8532.12793,3611.687012
8532.12793,3611.687988
8532.126953,3611.688965
8532.125977,3611.689697
8532.125,3611.690186
8532.124023,3611.690674
8532.124023,3611.691406
8532.123047,3611.692139
8532.12207,3611.692627
8532.121094,3611.693604
8532.121094,3611.694092
8532.120117,3611.695312
8532.118164,3611.697266
8532.116211,3611.701416
8532.115234,3611.702881
8532.115234,3611.705322
8532.115234,3611.706299
8532.114258,3611.70752
8532.114258,3611.708252
8532.114258,3611.709229
8532.115234,3611.710937
8532.115234,3611.712891
8532.115234,3611.713867
8532.115234,3611.715576
8532.117187,3611.717773
8532.119141,3611.720703
8532.119141,3611.721191
8532.119141,3611.722168
8532.119141,3611.7229
8532.118164,3611.724121
8532.116211,3611.726318
8532.117187,3611.730225
8532.119141,3611.732422
8532.151367,3611.743164
8532.167969,3611.733887
8532.173828,3611.734863
8532.174805,3600
8532.197266,3611.741943
8532.200195,3611.743164
8532.203125,3611.743896
8532.210937,3611.744385
8532.214844,3611.745117
8532.217773,3611.746094
8532.219727,3611.747314
8532.220703,3611.748535
8532.22168,3611.749756
8532.22168,3611.751709
8532.22168,3611.752441
8532.22168,3611.753662
8532.220703,3611.754395
8532.219727,3611.754883
8532.21875,3611.755127
8532.21582,3611.756104
8532.214844,3611.756592
8532.213867,3611.75708
8532.212891,3611.757324
8532.210937,3611.758057
8532.209961,3611.758301
8532.208008,3611.758789
8532.207031,3611.759277
8532.205078,3611.759521
8532.204102,3611.76001
8532.202148,3611.760498
8532.201172,3611.760986
8532.199219,3611.761475
8532.198242,3611.762207
8532.197266,3611.762695
8532.195312,3611.763184
8532.193359,3611.763916
8532.192383,3611.764648
8532.191406,3611.765381
8532.189453,3611.766357
8532.188477,3611.767578
8532.1875,3611.768555
8532.1875,3611.77002
8532.186523,3611.770996
8532.1875,3611.775879
8532.192383,3611.779541
8532.213867,3611.778076
8532.21582,3611.778076
8532.219727,3611.77832
8532.231445,361000
8532.237305,36100
8532.240234,3611.767578
8532.242187,3611.765625
8532.249023,3611.76123
8532.25293,3611.759277
8532.265625,3611.755371
8532.267578,3611.754639
8532.269531,3611.75415
8532.271484,3611.753662
8532.273437,3611.753418
8532.275391,3611.753174
8532.277344,3611.752686
8532.27832,3611.752686
8532.28125,3611.752441
8532.282227,3611.752441
8532.286133,3611.752441
8532.290039,3611.752686
8532.293945,3611.75293
8532.299805,3611.752686
8532.302734,3611.752197
8532.304687,3611.751709
8532.307617,3611.750488
8532.31543,3611.749512
8532.318359,3611.75
8532.323242,3611.751221
8532.324219,3611.751709
8532.331055,3611.75293
8532.333008,3611.753418
8532.335937,3611.754395
8532.337891,3611.754883
8532.342773,3611.756592
8532.344727,3611.75708
8532.356445,3611.762695
8532.357422,3611.763428
8532.360352,3611.764893
8532.361328,361000
8532.364258,3611.766846
8532.366211,3611.768555
8532.367187,3611.770508
8532.368164,3600
8532.370117,3611.777344
8532.370117,3611.777832
8532.370117,36100
8532.370117,3611.781494
8532.370117,3611.782227
8532.370117,3611.7854
8532.370117,3611.787598
8532.370117,3611.794922
8532.370117,3611.795654
8532.367187,3610
8532.34668,3611.843506
8532.30957,3611.840088
8532.30957,3611.840088
8532.30957,3611.840332
8532.30957,3611.840576
8532.30957,3611.841553
8532.37793,3611.756104
8532.37793,3611.755127
8532.373047,3611.744873
8532.37207,3611.741699
8532.37207,3611.740479
8532.37207,3611.739502
8532.37207,3611.738281
8532.37207,3611.736572
8532.37207,3611.73584
8532.37207,3611.734863
8532.373047,3611.734131
8532.373047,3611.733398
8532.373047,3611.732666
8532.374023,3611.731689
8532.374023,3611.730957
8532.375,3611.730469
8532.375,3611.729492
8532.375,3611.72876
8532.375,3611.727783
8532.375977,3611.727051
8532.375977,3611.72583
8532.375977,3611.725098
8532.376953,3611.724121
8532.376953,3611.7229
8532.37793,3611.721924
8532.37793,3611.720459
8532.378906,3611.718018
8532.378906,3611.717041
8532.379883,3611.715576
8532.379883,3611.714355
8532.380859,3611.712646
8532.380859,3611.711182
8532.381836,3611.709717
8532.381836,3611.708252
8532.382812,3611.706787
8532.382812,3611.704834
8532.383789,3611.703613
8532.383789,3611.701904
8532.384766,3611.700684
8532.384766,3611.699219
8532.385742,3611.697998
8532.386719,3611.697021
8532.386719,3611.696045
8532.387695,3611.695312
8532.388672,3611.69458
8532.388672,3611.693848
8532.389648,3611.693115
8532.390625,3611.692627
8532.390625,3611.691895
8532.391602,3611.691162
8532.391602,3611.690674
8532.392578,3611.689941
8532.392578,3611.689453
8532.392578,3611.688721
8532.393555,3611.688232
8532.393555,3611.6875
8532.393555,3611.686768
8532.394531,3611.686035
8532.394531,3611.685303
8532.394531,3611.68457
8532.394531,3611.684082
8532.394531,3611.68335
8532.394531,3611.682617
8532.393555,3611.680908
8532.392578,3611.677002
8532.392578,3611.67627
8532.392578,3611.675293
8532.392578,3611.674316
8532.392578,3611.673584
8532.392578,3611.672607
8532.392578,3611.672119
8532.392578,3611.670898
8532.392578,3611.67041
8532.392578,3611.669189
8532.393555,3611.66748
8532.393555,3611.665527
8532.393555,3611.664551
8532.393555,3611.663574
8532.394531,3611.662598
8532.394531,3611.661865
8532.394531,3611.65918
8532.395508,3611.658447
8532.395508,3611.657471
8532.395508,3611.656006
8532.395508,3611.654785
8532.395508,3611.653809
8532.395508,3611.652588
8532.395508,3611.650635
8532.395508,3611.647461
8532.395508,3611.646484
8532.395508,3611.645508
8532.395508,3611.644531
8532.395508,3611.643555
8532.395508,3611.642578
8532.395508,3611.640625
8532.394531,3611.638672
8532.394531,3611.635498
8532.394531,3611.634277
8532.393555,3611.633301
8532.393555,3611.630859
8532.393555,3611.629395
8532.393555,3611.62085
8532.394531,3611.614014
8532.394531,3611.612549
8532.393555,3611.610107
8532.336914,3611.635254
8532.317383,3611.642578
8532.308594,3611.644775
8532.307617,3611.64502
8532.305664,3611.645752
8532.304687,3611.645996
8532.303711,3611.646484
8532.301758,3611.647217
8532.300781,3611.647705
8532.299805,3611.648437
8532.298828,3611.648926
8532.297852,3611.649414
8532.295898,3611.650635
8532.294922,3611.650879
8532.293945,3611.651611
8532.293945,3611.6521
8532.292969,3611.654541
8532.291992,361.656006
8532.291016,3611.656738
8532.289062,3611.658203
8532.287109,3611.658936
8532.285156,3611.658936
8532.28418,3611.658936
8532.283203,3611.658936
8532.283203,3611.658936
8532.282227,3611.658936
8532.28125,3611.658936
8532.28125,3611.658936
8532.280273,3611.658691
8532.279297,3611.658691
8532.27832,3611.658691
8532.27832,3611.658691
8532.276367,3611.658936
8532.275391,3611.658936
8532.274414,3611.658691
8532.273437,3611.658447
8532.273437,3611.657715
8532.272461,3611.657471
8532.271484,3611.656738
8532.270508,3611.656006
8532.269531,3611.654785
8532.268555,3611.654053
8532.267578,3611.652832
8532.267578,3611.6521
8532.266602,3611.651123
8532.265625,3611.650146
8532.265625,3611.648926
8532.264648,3611.647461
8532.264648,3611.646484
8532.262695,3611.643799
8532.261719,3611.642334
8532.261719,3611.641113
8532.260742,3611.639893
8532.259766,3611.638672
8532.258789,3611.637451
8532.257812,3611.635986
8532.256836,3611.635254
8532.255859,3611.634521
8532.254883,3611.633789
8532.253906,3611.632812
8532.251953,3611.631592
8532.250977,3611.630859
8532.25,3611.629883
8532.25,3611.629395
8532.249023,3611.628662
8532.248047,3611.626953
8532.24707,3611.625732
8532.24707,3611.625
8532.248047,3611.622803
8532.249023,3611.618408
8532.249023,3611.617432
8532.25,3611.61499
8532.25,3611.614014
8532.249023,3611.613281
8532.249023,3611.612305
8532.249023,3611.611572
8532.248047,3611.61084
8532.248047,3611.609863
8532.248047,3611.609375
8532.24707,3611.608398
8532.24707,3611.60791
8532.246094,3611.606689
8532.241211,3611.60498
8532.240234,3611.604736
8532.226562,3611.625488
8532.224609,3611.626709
8532.222656,3611.627441
8532.21582,3611.631104
8532.225586,3611.654785
8532.226562,3611.655762
8532.226562,3611.656494
8532.226562,3611.657471
8532.226562,3611.65918
8532.224609,3611.660645
8532.22168,3611.66333
8532.220703,3611.663818
8532.21875,3611.664551
8532.217773,3611.664795
8532.213867,3611.66626
8532.211914,3611.666992
8532.210937,3611.666992
8532.208984,3611.666992
8532.208008,3611.666992
8532.205078,3611.666992
8532.204102,3611.667236
8532.199219,3611.668213
8532.198242,3611.668213
8532.194336,3611.668457
8532.192383,3611.668457
8532.191406,3611.668213
8532.189453,3611.668213
8532.183594,3611.667725
8532.182617,3611.66748
8532.180664,3611.66748
8532.178711,3611.666992
8532.177734,3611.666748
8532.175781,3611.666504
8532.173828,3611.66626
8532.171875,3611.665771
8532.170898,3611.665283
8532.168945,3611.664795
8532.167969,3611.664062
8532.162109,3611.6604
8532.158203,3611.655762
8532.154297,3611.650879
8532.15332,3611.650391
8532.152344,3611.649902
8532.151367,3611.649414
8532.151367,3611.648926
8532.150391,3611.648682
8532.149414,3611.648193
8532.149414,3611.648193
8532.148437,3611.647705
8532.147461,3611.647461
8532.147461,3611.647217
8532.146484,3611.646729
8532.146484,3611.646484
8532.145508,3611.645996
8532.144531,3611.645752
8532.144531,3611.645508
8532.143555,3611.645508
8532.143555,3611.645508
8532.141602,3611.645264
8532.141602,3611.645264
8532.139648,3611.645508
8532.139648,3611.645508
8532.133789,3611.650635
8532.136719,3611.658936
8532.137695,3611.6604
8532.138672,3611.662598
8532.138672,3611.664551
8532.139648,3611.665527
8532.139648,3611.666504
8532.139648,3611.67041
8532.139648,3611.671387
8532.139648,3611.672119
8532.139648,3611.673828
8532.138672,3611.674561
8532.138672,3611.675049
8532.137695,3611.676514
8532.136719,3611.677246
8532.136719,3611.677979
8532.135742,3611.678955
8532.134766,3611.679687
8532.133789,3611.68042
8532.132812,3611.681396
8532.131836,3611.682129
8532.130859,3611.683105
8532.129883,3611.684082
8532.128906,3611.684814
8532.12793,3611.685791
8532.126953,3611.686768
8532.125977,3611.687744
8532.125,3611.688721
8532.124023,3611.690186
8532.123047,3611.691162
8532.12207,3611.692383
8532.121094,3611.693359
8532.118164,3611.699219
8532.117187,3611.700684
8532.116211,3611.704102
8532.116211,3611.705811
8532.119141,3611.720947
8532.119141,3611.723145
8532.118164,3611.723877
8532.116211,3611.726318
8532.220703,3611.748291
8532.22168,3611.750244
8532.22168,3611.751221
8532.220703,3611.752197
8532.220703,3611.75293
8532.219727,3611.753906
8532.21875,3611.754639
8532.21875,3611.755127
8532.216797,3611.755615
8532.21582,3611.756104
8532.214844,3611.756592
8532.212891,3611.75708
8532.211914,3611.757812
8532.210937,3611.758057
8532.208984,3611.758545
8532.208008,3611.759033
8532.206055,3611.759521
8532.205078,3611.76001
8532.203125,3611.760254
8532.202148,3611.760742
8532.200195,3611.760986
8532.198242,3611.761475
8532.197266,3611.761963
8532.195312,3611.762207
8532.194336,3611.762939
8532.192383,3611.763428
8532.191406,3611.764404
8532.19043,3611.764893
8532.188477,3611.766113
8532.188477,3611.766846
8532.1875,3611.768311
8532.186523,3611.769531
8532.263672,3611.754639
8532.265625,3611.75415
8532.267578,3611.753906
8532.269531,3611.753418
8532.270508,3611.75293
8532.274414,3611.752441
8532.276367,3611.752197
8532.27832,3611.752197
8532.280273,3611.752197
8532.28418,3611.752197
8532.288086,3611.752686
8532.290039,3611.752686
8532.291016,3611.752686
8532.293945,3611.75293
8532.294922,3611.75293
8532.296875,3611.752686
8532.298828,3611.752686
8532.300781,3611.752441
8532.301758,3611.752197
8532.304687,3611.751709
8532.305664,3611.751221
8532.307617,3611.750732
8532.310547,3611.75
8532.313477,3611.749756
8532.31543,3611.749756
8532.319336,3611.750488
8532.321289,3611.750977
8532.322266,3611.751465
8532.324219,3611.751709
8532.326172,3611.751953
8532.331055,3611.75293
8532.333984,3611.753662
8532.338867,3611.755371
8532.34082,3611.756104
8532.366211,3611.768555
8532.366211,3611.769287
8532.368164,3611.772461
8532.368164,3611.773193
8532.370117,3611.779053
8532.370117,3611.780518
8532.370117,3611.78125
8532.370117,3611.781494
8532.370117,360
8532.369141,3611.796631
8532.369141,3611.797119
8532.369141,3611.797607
8532.369141,3611.798096
8532.369141,3611.799561
8532.368164,3611.812256
8532.373047,3611.744385
8532.373047,3611.743408
8532.37207,3611.742187
8532.37207,3611.741211
8532.37207,3611.740234
8532.37207,3611.739258
8532.37207,3611.738525
8532.37207,3611.737549
8532.373047,3611.736816
8532.373047,3611.73584
8532.373047,3611.735107
8532.373047,3611.734375
8532.373047,3611.733398
8532.374023,3611.732666
8532.374023,3611.731689
8532.374023,3611.731201
8532.374023,3611.72998
8532.374023,3611.729492
8532.374023,3611.728516
8532.374023,3611.728027
8532.375,3611.727051
8532.375,3611.726074
8532.375,3611.725098
8532.375977,3611.724365
8532.375977,3611.723389
8532.375977,3611.722412
8532.376953,3611.721436
8532.376953,3611.720215
8532.37793,3611.719238
8532.37793,3611.718018
8532.37793,3611.716797
8532.378906,3611.715332
8532.378906,3611.714111
8532.379883,3611.712646
8532.379883,3611.711182
8532.380859,3611.709961
8532.381836,3611.708252
8532.381836,3611.707031
8532.382812,3611.705078
8532.382812,3611.703613
8532.383789,3611.701904
8532.383789,3611.700439
8532.384766,3611.698975
8532.384766,3611.697266
8532.385742,3611.695801
8532.387695,3611.694336
8532.388672,3611.693359
8532.389648,3611.691895
8532.390625,3611.689697
8532.391602,3611.688721
8532.392578,3611.687012
8532.392578,3611.686035
8532.393555,3611.684814
8532.393555,3611.683594
8532.393555,3611.682617
8532.393555,3611.681152
8532.392578,3611.678711
8532.392578,36000
8532.392578,3611.676514
8532.392578,3611.675537
8532.392578,3611.674561
8532.392578,3611.673584
8532.392578,3611.672852
8532.392578,3611.671875
8532.392578,3611.671143
8532.392578,3611.670166
8532.392578,3611.669678
8532.392578,3611.668701
8532.392578,3611.667725
8532.393555,3611.666748
8532.393555,3611.666016
8532.394531,3611.665039
8532.394531,3611.664307
8532.394531,3611.66333
8532.394531,3611.659912
8532.394531,3611.658936
8532.394531,3611.658203
8532.394531,3611.657227
8532.393555,3611.65625
8532.393555,3611.655518
8532.393555,3611.654297
8532.394531,3611.652588
8532.394531,3611.651855
8532.394531,3611.649902
8532.394531,3611.648926
8532.394531,3611.647949
8532.393555,3611.646729
8532.393555,3611.645752
8532.393555,3611.644775
8532.393555,3611.643555
8532.393555,3611.642578
8532.393555,3611.641602
8532.393555,3611.640381
8532.392578,3611.639404
8532.392578,3611.636963
8532.392578,3611.635742
8532.392578,3611.633545
8532.392578,3611.631104
8532.392578,3611.630127
8532.392578,3611.627686
8532.392578,3611.626709
8532.392578,3611.625488
8532.393555,3611.624512
8532.393555,3611.623047
8532.393555,3611.621826
8532.393555,3611.619385
8532.393555,3611.615479
8532.392578,3611.608643
8532.392578,3611.600098
8532.394531,3611.588135
8532.396484,3611.58252
8532.34375,3611.632568
8532.342773,36100
8532.297852,3611.64917
8532.288086,3611.656982
8532.285156,3611.658203
8532.28418,3611.658203
8532.28125,3611.658447
8532.280273,3611.658447
8532.27832,3611.658203
8532.275391,3611.658203
8532.274414,3611.658203
8532.273437,3611.658203
8532.272461,3611.657715
8532.271484,3611.657227
8532.270508,3611.656494
8532.269531,3611.656006
8532.268555,3611.655029
8532.268555,3611.654297
8532.267578,3611.65332
8532.267578,3611.6521
8532.266602,3611.651123
8532.265625,3611.649902
8532.265625,3611.648682
8532.264648,3611.647461
8532.263672,3611.646484
8532.263672,3611.64502
8532.262695,3611.643799
8532.261719,3611.642334
8532.261719,3611.641113
8532.260742,3611.639648
8532.259766,3611.638428
8532.258789,3611.637207
8532.256836,3611.635986
8532.254883,3611.633301
8532.251953,3611.631104
8532.250977,3611.629883
8532.248047,3611.626221
8532.24707,3611.621826
8532.248047,3611.618408
8532.248047,3611.616943
8532.248047,3611.614502
8532.248047,3611.613525
8532.248047,3611.612549
8532.24707,3611.610596
8532.24707,3611.609375
8532.246094,3611.607666
8532.245117,3611.606934
8532.243164,3611.606201
8532.229492,3611.621582
8532.222656,3611.62793
8532.22168,3611.628418
8532.226562,3611.654541
8532.226562,36100
8532.227539,3611.658936
8532.227539,3611.659912
8532.224609,3611.661621
8532.223633,3611.662109
8532.222656,3611.662598
8532.22168,3611.662842
8532.220703,3611.66333
8532.219727,3611.663574
8532.217773,3611.664062
8532.216797,3611.664551
8532.214844,3611.665039
8532.213867,3611.665527
8532.211914,3611.666016
8532.210937,3611.666504
8532.208984,3611.666992
8532.208008,3611.667236
8532.206055,3611.66748
8532.204102,3611.667969
8532.201172,3611.668213
8532.199219,3611.668457
8532.197266,3611.668701
8532.195312,3611.668701
8532.193359,3611.668701
8532.191406,3611.668701
8532.189453,3611.668701
8532.188477,3611.668457
8532.186523,3611.668213
8532.182617,3611.668213
8532.180664,3611.667969
8532.178711,3611.667725
8532.176758,3611.66748
8532.172852,3611.666992
8532.170898,3611.666504
8532.169922,3611.66626
8532.167969,3611.665527
8532.166016,3611.665039
8532.165039,3611.664062
8532.162109,3611.661621
8532.160156,3611.659424
8532.158203,3611.656982
8532.15625,3611.65332
8532.154297,361000
8532.149414,3611.648437
8532.148437,3611.647949
8532.147461,3611.647705
8532.146484,3611.647217
8532.144531,3611.646484
8532.142578,3611.645996
8532.141602,3611.645752
8532.139648,3611.645752
8532.139648,3611.67334
8532.138672,3611.674316
8532.138672,3611.675293
8532.137695,3611.67627
8532.136719,3611.677002
8532.136719,3611.677979
8532.135742,3611.678711
8532.134766,3611.679687
8532.133789,3611.680664
8532.132812,3611.681396
8532.131836,3611.682373
8532.130859,3611.683105
8532.129883,3611.684082
8532.128906,3611.685303
8532.125,3611.688721
8532.124023,3611.689697
8532.123047,3611.691162
8532.119141,3611.723389
8532.222656,3611.747803
8532.223633,3611.749268
8532.223633,3611.750732
8532.222656,3611.752197
8532.222656,3611.753174
8532.22168,3611.753662
8532.220703,3611.754395
8532.219727,3611.754883
8532.21875,3611.755615
8532.217773,3611.756348
8532.216797,3611.756836
8532.21582,3611.757324
8532.213867,3611.757812
8532.212891,3611.758301
8532.211914,3611.758789
8532.209961,3611.759277
8532.208984,3611.759521
8532.207031,3611.76001
8532.206055,3611.760254
8532.204102,3611.760742
8532.202148,3611.760986
8532.201172,3611.761475
8532.199219,3611.761719
8532.198242,3611.762207
8532.196289,3611.762451
8532.194336,3611.762695
8532.192383,3611.763428
8532.191406,3611.763916
8532.19043,3611.764648
8532.188477,3611.765381
8532.1875,3611.766602
8532.186523,3611.767578
8532.186523,3611.768799
8532.185547,3611.77002
8532.185547,3611.77124
8532.233398,36000
8532.25293,3611.757812
8532.255859,361000
8532.266602,3611.75415
8532.268555,3611.753418
8532.269531,3611.753174
8532.271484,3611.752686
8532.27832,3611.751709
8532.28418,3611.751709
8532.288086,3611.751709
8532.289062,3611.751709
8532.291016,3611.751709
8532.292969,3611.751953
8532.293945,3611.751953
8532.295898,3611.752197
8532.30957,3611.750244
8532.319336,3611.750488
8532.320312,3611.751221
8532.322266,3611.751465
8532.333008,3611.753906
8532.306641,3611.841553
8532.34668,3611.911133
8532.373047,3611.743896
8532.373047,3611.743408
8532.37207,3611.741943
8532.37207,3611.741211
8532.37207,3611.73999
8532.37207,3611.739014
8532.37207,3611.738037
8532.37207,3611.737061
8532.373047,3611.736084
8532.373047,3611.735107
8532.373047,3611.734375
8532.373047,3611.733398
8532.374023,3611.732666
8532.374023,3611.731689
8532.374023,3611.730713
8532.375,3611.72998
8532.375,3611.729004
8532.375,3611.728027
8532.375977,3611.727051
8532.375977,3611.726074
8532.375977,3611.724609
8532.375977,3611.723877
8532.376953,3611.722656
8532.376953,3611.72168
8532.37793,3611.720459
8532.37793,3611.719238
8532.378906,3611.718018
8532.379883,3611.715332
8532.379883,3611.713623
8532.379883,3611.712646
8532.380859,3611.710693
8532.380859,3611.709717
8532.381836,3611.708008
8532.381836,3611.706299
8532.382812,3611.704834
8532.382812,3611.703369
8532.383789,3611.701904
8532.383789,3611.700195
8532.384766,3611.69873
8532.385742,3611.69751
8532.387695,3611.695312
8532.388672,3611.69458
8532.389648,3611.693359
8532.389648,3611.692383
8532.390625,3611.691162
8532.391602,3611.690186
8532.391602,3611.688965
8532.392578,3611.687988
8532.392578,3611.687012
8532.392578,3611.685547
8532.393555,3611.684814
8532.393555,3611.683594
8532.393555,3611.682861
8532.393555,3611.681885
8532.392578,3611.680908
8532.392578,3611.679932
8532.392578,36000
8532.392578,3611.675049
8532.392578,3611.674316
8532.391602,3611.67334
8532.392578,3611.672607
8532.392578,3611.671875
8532.392578,3611.670898
8532.392578,3611.670166
8532.392578,3611.669189
8532.392578,3611.668213
8532.392578,3611.667236
8532.392578,3611.666504
8532.393555,3611.665283
8532.393555,3611.664307
8532.393555,3611.66333
8532.393555,3611.662354
8532.394531,3611.661377
8532.394531,3611.6604
8532.394531,3611.659668
8532.395508,3611.658691
8532.395508,3611.657715
8532.396484,3611.656494
8532.396484,3611.655762
8532.396484,3611.654785
8532.396484,3611.653809
8532.396484,3611.652588
8532.396484,3611.651611
8532.396484,3611.650635
8532.395508,3611.648682
8532.395508,3611.645752
8532.395508,3611.64502
8532.394531,3611.643799
8532.394531,3611.642334
8532.394531,3611.641357
8532.394531,3611.638184
8532.393555,3611.636963
8532.393555,3611.63623
8532.394531,3611.632812
8532.394531,3611.629883
8532.393555,3611.628662
8532.393555,3611.627197
8532.393555,3611.626221
8532.393555,3611.622559
8532.394531,3611.620117
8532.394531,3611.618896
8532.394531,3611.61792
8532.394531,3611.615479
8532.394531,3611.613037
8532.393555,3611.611572
8532.393555,3611.610352
8532.393555,3611.608887
8532.393555,3611.606445
8532.393555,3611.604736
8532.393555,3611.602051
8532.393555,36100
8532.394531,3611.595459
8532.395508,3611.593994
8532.395508,3611.59082
8532.397461,3611.580322
8532.397461,3611.579346
8532.391602,3600
8532.371094,3611.592529
8532.361328,3611.599121
8532.359375,3611.602295
8532.311523,3611.644287
8532.298828,3611.648926
8532.293945,3611.651123
8532.289062,3611.656006
8532.288086,3611.656494
8532.286133,3611.656982
8532.285156,3611.657227
8532.28418,3611.657471
8532.283203,3611.657471
8532.28125,3611.657471
8532.280273,3611.657715
8532.279297,3611.657715
8532.27832,3611.657959
8532.277344,3611.657959
8532.276367,3611.657959
8532.275391,3611.657959
8532.274414,3611.657959
8532.274414,3611.657959
8532.273437,3611.657715
8532.272461,3611.657471
8532.271484,3611.656738
8532.270508,3611.65625
8532.269531,3611.655518
8532.269531,3611.654785
8532.269531,3611.653809
8532.268555,3611.652832
8532.268555,3611.651855
8532.267578,3611.650635
8532.267578,3611.649902
8532.266602,3611.648682
8532.265625,3611.647705
8532.265625,3611.646484
8532.264648,3611.645264
8532.264648,3611.644287
8532.263672,3611.643066
8532.261719,3611.640137
8532.260742,3611.638916
8532.259766,3611.637695
8532.258789,3611.636719
8532.257812,3611.635254
8532.256836,3611.634277
8532.254883,3611.633057
8532.253906,3611.631836
8532.25293,3611.630859
8532.251953,3611.629639
8532.250977,3611.628418
8532.25,3611.627197
8532.249023,3611.626221
8532.249023,3611.625
8532.249023,3611.621338
8532.249023,3611.620117
8532.249023,3611.618896
8532.249023,3611.616699
8532.249023,3611.612061
8532.248047,3611.611084
8532.248047,3611.609863
8532.24707,3611.608887
8532.24707,3611.608154
8532.245117,3611.606689
8532.243164,3611.606201
8532.242187,3611.605713
8532.240234,3611.605469
8532.237305,3611.60498
8532.225586,361000
8532.223633,3611.627686
8532.222656,3611.628174
8532.217773,3600
8532.223633,3611.650879
8532.225586,3611.654053
8532.226562,3611.654785
8532.226562,3611.656738
8532.225586,3611.658447
8532.224609,3611.6604
8532.223633,3611.660889
8532.223633,3611.661621
8532.222656,3611.662109
8532.22168,3611.662842
8532.220703,3611.66333
8532.21875,3611.664062
8532.217773,3611.664551
8532.216797,3611.665039
8532.214844,3611.665527
8532.213867,3611.666016
8532.209961,3611.666504
8532.208984,3611.666992
8532.207031,3611.667236
8532.205078,3611.66748
8532.203125,3611.66748
8532.201172,3611.667725
8532.197266,3611.667725
8532.196289,3611.667725
8532.193359,3611.66748
8532.192383,3611.66748
8532.188477,3611.666992
8532.186523,3611.666992
8532.183594,3611.666748
8532.182617,3611.666504
8532.179687,3611.666504
8532.178711,3611.66626
8532.175781,3611.666016
8532.173828,3611.665527
8532.171875,3611.664795
8532.169922,3611.664307
8532.168945,3611.663818
8532.166992,3611.663086
8532.165039,3611.662354
8532.163086,3611.660645
8532.161133,3611.658691
8532.160156,3611.657227
8532.158203,3611.655029
8532.157227,3611.654053
8532.15625,3611.653076
8532.155273,3611.6521
8532.154297,3611.651367
8532.15332,3611.650391
8532.152344,3611.649902
8532.151367,3611.64917
8532.150391,3611.648682
8532.149414,3611.648193
8532.147461,3611.647705
8532.146484,3611.647217
8532.145508,3611.646729
8532.144531,3611.646484
8532.143555,3611.645996
8532.142578,3611.645752
8532.140625,3611.645508
8532.139648,3611.645508
8532.138672,3611.645508
8532.137695,3611.645752
8532.136719,3611.645996
8532.135742,3611.646484
8532.134766,3611.647949
8532.133789,3611.649414
8532.132812,3611.650879
8532.132812,3611.654053
8532.132812,3611.654785
8532.133789,3611.656006
8532.134766,3611.656494
8532.134766,3611.657227
8532.136719,3611.658691
8532.138672,3611.662109
8532.138672,3611.662842
8532.139648,3611.664307
8532.139648,3611.665283
8532.139648,3611.666016
8532.139648,3611.666504
8532.139648,3611.66748
8532.139648,3611.667969
8532.139648,3611.668457
8532.139648,3611.669922
8532.139648,3611.673096
8532.139648,3611.675293
8532.138672,3611.676025
8532.137695,3611.676758
8532.136719,3611.67749
8532.136719,3611.678223
8532.135742,3611.678955
8532.134766,3611.679687
8532.133789,3611.68042
8532.132812,3611.681396
8532.131836,3611.681885
8532.129883,3611.682861
8532.129883,3611.683594
8532.12793,3611.684814
8532.126953,3611.685791
8532.125977,3611.686768
8532.125,3611.687988
8532.124023,3611.688965
8532.123047,3611.690186
8532.12207,3611.691406
8532.121094,3611.692383
8532.120117,3611.693604
8532.119141,3611.695312
8532.119141,3611.696289
8532.118164,3611.697754
8532.115234,3611.708984
8532.115234,3611.711914
8532.118164,3611.724365
8532.117187,36000
8532.116211,3611.729248
8532.132812,3611.739014
8532.163086,3611.735596
8532.180664,3611.73584
8532.185547,3611.737305
8532.19043,3611.738281
8532.193359,3611.739258
8532.194336,3611.739502
8532.196289,3611.740479
8532.198242,3611.741211
8532.202148,3611.741943
8532.204102,3611.742676
8532.206055,3611.74292
8532.208008,3611.74292
8532.209961,3611.743408
8532.211914,3611.743652
8532.214844,3611.744629
8532.21582,3611.745117
8532.217773,3611.74585
8532.21875,3611.746582
8532.22168,3611.751221
8532.220703,3611.752197
8532.220703,3611.75293
8532.219727,3611.753662
8532.219727,3611.75415
8532.217773,3611.754883
8532.217773,3611.755371
8532.21582,3611.755859
8532.214844,3611.756348
8532.213867,3611.756836
8532.211914,3611.757324
8532.210937,3611.758057
8532.209961,3611.758545
8532.208008,3611.758789
8532.207031,3611.759277
8532.205078,3611.759521
8532.204102,3611.76001
8532.202148,3611.760498
8532.201172,3611.760742
8532.197266,3611.761719
8532.196289,3611.762207
8532.194336,3611.762695
8532.192383,3611.763184
8532.191406,3611.763916
8532.19043,3611.764893
8532.189453,3611.765381
8532.188477,3611.766602
8532.1875,3611.767822
8532.186523,3611.769043
8532.186523,3611.770264
8532.186523,3611.773193
8532.1875,3611.775391
8532.1875,3611.776611
8532.206055,3611.779053
8532.214844,3611.778564
8532.21582,3611.778564
8532.22168,3611.779053
8532.222656,3611.779297
8532.227539,3611.779541
8532.230469,3611.779053
8532.231445,3611.778564
8532.239258,3611.769531
8532.25,3611.760254
8532.251953,3611.759277
8532.25293,3611.758545
8532.258789,3611.756592
8532.259766,3611.755859
8532.261719,3611.755371
8532.263672,3611.754639
8532.265625,3611.75415
8532.267578,3611.753662
8532.269531,3611.753174
8532.271484,3611.752686
8532.273437,3611.752441
8532.275391,3611.752197
8532.276367,3611.751953
8532.279297,3611.751709
8532.28125,3611.751953
8532.285156,3611.752197
8532.292969,3611.752686
8532.293945,3611.752686
8532.295898,3611.752686
8532.297852,3611.752686
8532.299805,3611.752197
8532.301758,3611.751953
8532.302734,361000
8532.305664,3611.750977
8532.306641,3611.750488
8532.308594,3611.75
8532.30957,3611.75
8532.313477,3611.749756
8532.31543,3611.75
8532.317383,3611.750488
8532.318359,3611.750732
8532.324219,3611.751709
8532.326172,3611.752197
8532.329102,3611.75293
8532.331055,3611.753662
8532.333008,3611.75415
8532.334961,3611.754883
8532.337891,3611.755859
8532.339844,3611.756592
8532.341797,3611.75708
8532.34375,3611.757812
8532.344727,3611.758301
8532.347656,3611.759277
8532.349609,3611.76001
8532.350586,3611.760986
8532.352539,3611.761719
8532.354492,3611.762207
8532.355469,3611.762939
8532.357422,3611.763672
8532.361328,3611.765625
8532.362305,3611.766113
8532.363281,3611.766846
8532.366211,3611.768311
8532.367187,3611.769287
8532.368164,361000
8532.370117,3611.775391
8532.371094,3611.778809
8532.370117,3611.783203
8532.370117,3611.787109
8532.370117,3611.788574
8532.370117,3611.793213
8532.369141,3611.801025
8532.368164,3611.803955
8532.368164,3611.804687
8532.368164,3611.817627
8532.369141,3611.825684
8532.306641,3611.843018
8532.305664,3611.842773
8532.347656,36000
8532.385742,3612.048096
8532.385742,3612.048096
8532.385742,3612.048096
8532.385742,3612.048096
8532.385742,3610
8532.385742,3612.048096
8532.385742,3612.048096
8532.385742,3612.048096
8532.385742,3612.048096
8532.385742,3612.048096
8532.390625,3612.04541
8532.390625,3612.04541
8532.390625,3612.04541
8532.390625,3612.04541
8532.390625,3612.04541
8532.390625,3612.04541
8532.214844,3611.956299
8532.21875,3611.938477
8532.219727,3611.932373
8532.237305,3611.82959
8532.237305,3611.82959
8532.237305,3611.82959
8532.237305,3611.82959
8532.237305,3611.82959
8532.237305,3611.82959
8532.237305,3611.82959
8532.237305,3611.82959
8532.237305,3611.82959
8532.237305,3611.82959
8532.237305,3611.82959
8532.237305,3611.82959
8532.237305,3611.82959
8532.237305,3611.82959
8532.237305,3611.82959
8532.237305,3611.82959
8532.237305,3611.82959
8532.237305,3611.82959
8532.237305,3611.82959
8532.237305,3611.82959
8532.237305,3611.82959
8532.237305,3611.82959
8532.237305,3611.82959
8532.237305,3611.82959
8532.237305,3611.82959
8532.237305,3611.82959
8532.237305,3611.82959
8532.237305,3611.82959
8532.237305,3611.82959
8532.237305,3611.82959
8532.237305,3611.82959
8532.237305,3611.82959
8532.237305,3611.82959
8532.237305,3611.82959
8532.237305,3611.82959
8532.237305,3611.82959
8532.237305,3611.82959
8532.237305,3611.82959
8532.237305,3611.82959
8532.237305,3611.82959
8532.237305,3611.82959
8532.237305,3611.82959
8532.237305,3611.82959
8532.237305,3611.82959
8532.237305,3611.82959
8532.237305,3611.82959
8532.237305,3611.82959
8532.237305,3611.82959
8532.237305,3611.82959
8532.237305,3611.82959
8532.237305,3611.82959
8532.237305,3611.82959
8532.237305,3611.82959
8532.237305,3611.82959
8532.237305,3611.82959
8532.237305,3611.82959
8532.237305,3611.82959
8532.237305,3611.82959
8532.238281,3611.82959
8532.238281,3611.82959
8532.265625,3611.782715
8532.266602,3611.783203
8532.267578,3611.783203
8532.267578,3611.783691
8532.268555,3611.783691
8532.268555,3611.783936
8532.269531,3611.78418
8532.269531,3611.784424
8532.269531,3611.784668
8532.270508,3611.784912
8532.271484,3611.785156
8532.271484,3611.7854
8532.271484,3611.7854
8532.271484,3611.785645
8532.272461,3611.785889
8532.272461,3611.786377
8532.273437,3611.786621
8532.273437,3611.786865
8532.274414,3610
8532.275391,3611.787598
8532.277344,3611.789062
8532.27832,3611.789307
8532.27832,3611.789551
8532.279297,3611.790039
8532.28125,3611.79126
8532.282227,3611.791748
8532.282227,3611.791992
8532.282227,3611.791992
8532.283203,3611.791992
8532.283203,3611.792236
8532.285156,3611.79248
8532.285156,3611.792725
8532.286133,3611.792969
8532.286133,3611.792969
8532.286133,3611.793213
8532.287109,3611.793213
8532.287109,3611.793457
8532.288086,3611.793701
8532.289062,3611.793701
8532.291016,3611.794189
8532.291992,3611.794189
8532.292969,3611.794189
8532.292969,3611.793945
8532.293945,3611.793945
8532.294922,3611.793701
8532.296875,3611.793701
8532.299805,3611.794189
8532.299805,3611.794189
8532.301758,3611.794189
8532.304687,3611.794434
8532.305664,3611.794434
8532.305664,3611.794678
8532.306641,3611.794678
8532.307617,3611.794922
8532.307617,3611.794922
8532.308594,3611.794922
8532.310547,3611.794922
8532.311523,3611.794922
8532.3125,3611.794922
8532.313477,3611.794922
8532.313477,3611.794922
8532.314453,3611.794922
8532.317383,3611.794922
8532.318359,3611.794922
8532.319336,3611.794922
8532.319336,3611.794922
8532.320312,3600
8532.320312,3611.794922
8532.321289,3611.794922
8532.322266,3611.794922
8532.323242,3611.794922
8532.324219,3611.794922
8532.325195,3611.794922
8532.326172,3611.794922
8532.327148,3611.794922
8532.328125,3611.794922
8532.329102,3611.794922
8532.330078,3611.794922
8532.331055,3611.794922
8532.332031,3611.795166
8532.332031,3611.795166
8532.333008,3611.795166
8532.333984,3611.79541
8532.333984,3611.796143
8532.334961,3611.796631
8532.336914,3611.799805
8532.336914,3611.800049
8532.337891,3611.800781
8532.337891,3611.80127
8532.337891,3611.801514
8532.336914,3611.80542
8532.336914,3611.806152
8532.335937,3611.807617
8532.335937,3611.810303
8532.335937,3611.810791
8532.335937,3611.812012
8532.335937,3611.8125
8532.335937,3611.812988
8532.336914,3611.814209
8532.336914,3611.816406
8532.336914,3611.818115
8532.336914,3611.818604
8532.336914,3611.819092
8532.336914,3611.819092
8532.336914,3611.81958
8532.336914,3611.819824
8532.336914,3611.821289
8532.336914,3611.821533
8532.336914,3611.822021
8532.336914,3611.822266
8532.336914,3611.82251
8532.336914,3611.822754
8532.336914,3611.823975
8532.336914,3611.824219
8532.336914,3611.825195
8532.336914,3611.825684
8532.336914,3611.826172
8532.336914,3611.826416
8532.336914,3611.82666
8532.336914,3611.826904
8532.336914,3611.827148
8532.336914,3611.827637
8532.336914,3611.828125
8532.336914,3611.828125
8532.336914,3611.828369
8532.336914,3611.828369
8532.336914,3611.828369
8532.336914,3611.828369
8532.336914,3611.828369
8532.336914,3611.828369
8532.336914,3611.828369
8532.336914,3611.828369
8532.336914,3611.828369
8532.336914,3611.828369
8532.336914,3611.828369
8532.336914,3611.828369
8532.336914,3611.828369
8532.336914,3611.828369
8532.336914,3611.828369
8532.336914,3611.828369
8532.336914,3611.828369
8532.336914,3611.828369
8532.336914,3611.828369
8532.336914,3611.828369
8532.336914,3611.828369
8532.336914,3611.828369
8532.336914,3611.828369
8532.336914,3611.828369
8532.336914,3600
8532.336914,3611.828369
8532.336914,3611.828369
8532.336914,3611.829834
8532.336914,3611.830322
8532.336914,3611.830322
8532.336914,3611.830322
8532.336914,3611.830078
8532.336914,3611.830078
8532.336914,3611.830078
8532.336914,3611.830078
8532.336914,3611.830078
8532.336914,3611.830078
8532.336914,3611.830078
8532.336914,3611.830078
8532.336914,3611.830078
8532.336914,3611.830078
8532.336914,3611.830078
8532.336914,3611.830078
8532.336914,3611.830078
8532.336914,3611.830078
8532.336914,3611.830078
8532.336914,3611.830078
8532.336914,3611.830078
8532.336914,3611.830078
8532.336914,3611.830078
8532.336914,3611.830078
8532.336914,3611.830078
8532.336914,3611.830078
8532.336914,3611.830078
8532.336914,3611.830078
8532.336914,3611.830078
8532.336914,3611.830078
8532.336914,3611.830078
8532.336914,3611.830078
8532.336914,3611.830078
8532.336914,3611.830078
8532.336914,3611.830078
8532.336914,3611.830078
8532.336914,3611.830078
8532.336914,3611.830078
8532.336914,3611.830078
8532.336914,3611.830078
8532.336914,3611.830078
8532.336914,3611.830078
8532.336914,3611.830078
8532.336914,3611.830078
8532.336914,3611.830078
8532.336914,3611.830078
8532.336914,3611.830078
8532.336914,3611.830078
8532.336914,3611.830078
8532.336914,3611.830078
8532.336914,3611.830078
8532.336914,3611.830078
8532.336914,3611.830078
8532.336914,3611.830078
8532.336914,3611.830078
8532.336914,3611.830078
8532.336914,3611.830078
8532.336914,3611.830078
8532.336914,3611.830078
8532.336914,3611.830078
8532.336914,3611.830078
8532.336914,3611.830078
8532.336914,3611.830078
8532.336914,3611.830078
8532.336914,3611.830078
8532.336914,3611.830078
8532.336914,3611.830078
8532.336914,3611.830078
8532.336914,3611.830078
8532.336914,3611.830078
8532.336914,3611.830078
8532.336914,3611.830078
8532.336914,3611.830078
8532.336914,3611.830078
8532.336914,3611.830078
8532.336914,3611.830078
8532.336914,3600
8532.336914,3611.830078
8532.336914,3611.830078
8532.336914,3611.830078
8532.336914,3611.830078
8532.336914,3611.830078
8532.336914,3611.830078
8532.336914,3611.830078
8532.336914,3611.830078
8532.336914,3611.830078
8532.336914,3611.830078
8532.336914,3611.830078
8532.336914,3611.830078
8532.336914,3611.830078
8532.336914,3611.830078
8532.336914,3611.830078
8532.336914,3611.830078
8532.336914,3611.830078
8532.336914,3611.830078
8532.336914,3611.830078
8532.336914,3611.830078
8532.336914,3611.830078
8532.336914,3611.830078
8532.336914,3611.830078
8532.336914,3611.830078
8532.336914,3611.830078
8532.336914,3611.830078
8532.336914,3611.830078
8532.336914,3611.830078
8532.336914,3611.830078
8532.336914,3611.830078
8532.336914,3611.830078
8532.336914,3611.830078
8532.336914,36111.83008
8532.336914,3611.830078
8532.336914,3611.830078
8532.336914,3611.830078
8532.336914,3611.830078
8532.336914,3611.830078
8532.336914,3611.830078
8532.336914,3611.830078
8532.336914,3611.830078
8532.336914,3611.830078
8532.336914,3611.830078
8532.336914,3611.830078
8532.336914,3611.830078
8532.336914,3611.830078
8532.336914,3611.830078
8532.336914,3611.830078
8532.336914,3611.830078
8532.336914,3611.830078
8532.336914,3611.830078
8532.336914,3611.830078
8532.336914,3611.830078
8532.336914,3611.830078
8532.336914,3611.830078
8532.336914,3611.830078
8532.336914,3611.830078
8532.336914,3611.830078
8532.336914,3611.830078
8532.336914,3611.830078
8532.336914,3611.830078
8532.336914,3611.830078
8532.336914,3611.830078
8532.336914,3611.830078
8532.336914,3611.830078
8532.336914,3611.830078
8532.336914,3611.830078
8532.336914,3611.830078
8532.336914,3611.830078
8532.336914,3611.830078
8532.336914,3611.830078
8532.336914,3611.830078
8532.336914,3611.830078
8532.336914,3611.830078
8532.336914,3611.830078
8532.336914,3611.830078
8532.336914,3611.830078
8532.336914,3611.830078
8532.336914,3611.830078
8532.336914,3611.830078
8532.336914,3611.830078
8532.336914,3611.830078
8532.336914,3611.830078
8532.336914,3611.830078
8532.336914,3611.830078
8532.336914,3611.830078
8532.336914,3611.830078
8532.336914,3611.830078
8532.336914,3611.830078
8532.336914,3611.830078
8532.336914,3611.830078
8532.336914,3611.830078
8532.336914,3600
8532.336914,3611.830078
8532.336914,3611.830078
8532.336914,3611.830078
8532.336914,3611.830078
8532.336914,3611.830078
8532.336914,3611.830078
8532.336914,3611.830078
8532.336914,3611.830078
8532.336914,3611.830078
8532.336914,3611.830078
8532.336914,3611.830078
8532.336914,3611.830078
8532.336914,3611.830078
8532.336914,3611.830078
8532.336914,3611.830078
8532.336914,3611.830078
8532.336914,3611.830078
8532.336914,3611.830078
8532.336914,3611.830078
8532.336914,3611.830078
8532.336914,3611.830078
8532.336914,3611.830078
8532.336914,3611.830078
8532.336914,3611.830078
8532.336914,3611.830078
8532.336914,3611.830078
8532.336914,3611.830078
8532.336914,3611.830078
8532.336914,3611.830078
8532.336914,3611.830078
8532.336914,3611.830078
8532.336914,3611.830078
8532.336914,3611.830078
8532.336914,3611.830078
8532.336914,3611.830078
8532.336914,3611.830078
8532.336914,3611.830078
8532.336914,3611.830078
8532.336914,3611.830078
8532.336914,3611.830078
8532.336914,3611.830078
8532.336914,3611.830078
8532.336914,3611.830078
8532.336914,3611.830078
8532.336914,3611.830078
8532.336914,3611.830078
8532.336914,3611.830078
8532.336914,3611.830078
8532.336914,3611.830078
8532.336914,3611.830078
8532.336914,3611.830078
8532.336914,3611.830078
8532.336914,3611.830078
8532.336914,3611.830078
8532.336914,3611.830078
8532.336914,3611.830078
8532.336914,3611.830078
8532.336914,3611.830078
8532.336914,3611.830078
8532.336914,3611.830078
8532.336914,3611.830078
8532.336914,3611.830078
8532.336914,3611.830078
8532.336914,3611.830078
8532.336914,3611.830078
8532.336914,3611.830078
8532.336914,3611.830078
8532.336914,3611.830078
8532.336914,3611.830078
8532.336914,3611.830078
8532.336914,3611.830078
8532.336914,3611.830078
8532.336914,3611.830078
8532.336914,3611.830078
8532.336914,3611.830078
8532.336914,3611.830078
8532.336914,3611.830078
8532.336914,3611.830078
8532.336914,3611.830078
8532.336914,3611.830078
8532.336914,3611.830078
8532.336914,3611.830078
8532.336914,3611.830078
8532.336914,3611.830078
8532.336914,3611.830078
8532.336914,3611.830078
8532.336914,3611.830078
8532.336914,3611.830078
8532.336914,3611.830078
8532.336914,3611.830078
8532.336914,3611.830078
8532.336914,3611.830078
8532.336914,3611.830078
8532.336914,3611.830078
8532.336914,3611.830078
8532.336914,3611.830078
8532.336914,3611.830078
8532.336914,3611.830078
8532.336914,3611.830078
8532.336914,3611.830078
8532.336914,3611.830078
8532.336914,3611.830078
8532.336914,3611.830078
8532.336914,3611.830078
8532.336914,3611.830078
8532.336914,3611.830078
8532.336914,3611.830078
8532.336914,3611.830078
8532.336914,3611.830078
8532.336914,3611.830078
8532.336914,3611.830078
8532.336914,3611.830078
8532.336914,3611.830078
8532.336914,3611.830078
8532.336914,3611.830078
8532.336914,3611.830078
8532.336914,3611.830078
8532.336914,3611.830078
8532.336914,3611.830078
8532.336914,3611.830078
8532.336914,3611.830078
8532.336914,3611.830078
8532.336914,3611.830078
8532.336914,3611.830078
8532.336914,3611.830078
8532.336914,3611.830078
8532.336914,3611.830078
8532.336914,3611.830078
8532.336914,3611.830078
8532.336914,3611.830078
8532.336914,3611.830078
8532.336914,3611.830078
8532.336914,3611.830078
8532.336914,3611.830078
8532.336914,3611.830078
8532.336914,3611.830078
8532.336914,3611.830078
8532.336914,3611.830078
8532.336914,3611.830078
8532.336914,3611.830078
8532.336914,3611.830078
8532.336914,3611.830078
8532.336914,3611.830078
8532.336914,3611.830078
8532.336914,3611.830078
8532.336914,3611.830078
8532.336914,3611.830078
8532.336914,3611.830078
8532.336914,3611.830078
8532.336914,3611.830078
8532.336914,3611.830078
8532.336914,3611.830078
8532.336914,3611.830078
8532.336914,3611.830078
8532.336914,3611.830078
8532.336914,3611.830078
8532.336914,3611.830078
8532.336914,3611.830078
8532.336914,3611.830078
8532.336914,3611.830078
8532.336914,3611.830078
8532.336914,3611.830078
8532.336914,3611.830078
8532.336914,3611.830078
8532.336914,3611.830078
8532.336914,3611.830078
8532.336914,3611.830078
8532.336914,3611.830078
8532.336914,3611.830078
8532.336914,3611.830078
8532.336914,3611.830078
8532.336914,3611.830078
8532.336914,3611.830078
8532.336914,3611.830078
8532.336914,3611.830566
8532.336914,3611.830566
8532.335937,3611.831299
8532.334961,3611.833984
8532.334961,3611.833984
8532.334961,3611.833984
8532.334961,3611.833984
8532.334961,3611.833984
8532.334961,3611.833984
8532.334961,3611.833984
8532.334961,3611.833984
8532.334961,3611.833984
8532.334961,3611.833984
8532.334961,3611.833984
8532.333984,3611.833984
8532.333008,3611.833984
8532.333008,3611.836426
8532.332031,3611.837158
8532.332031,3611.837646
8532.332031,3611.837891
8532.319336,3611.84082
8532.318359,3611.840576
8532.313477,3610
8532.307617,3611.8396
8532.307617,3611.839844
8532.307617,3611.839844
8532.307617,3611.839844
8532.306641,3611.8396
8532.306641,3611.8396
8532.306641,3611.839111
8532.305664,3611.838623
8532.334961,3611.90625
8532.34082,3611.908936
8532.34375,36100
8532.356445,3611.921143
8532.213867,3611.948975
8532.219727,3611.936035
8532.239258,3611.831543
8532.239258,3611.831543
8532.239258,3611.831543
8532.239258,3611.831543
8532.239258,3611.831543
8532.239258,3611.831543
8532.239258,3611.831543
8532.239258,3611.831543
8532.239258,3611.831543
8532.239258,3611.831543
8532.248047,3611.805664
8532.248047,3611.804687
8532.248047,3611.803711
8532.249023,3600
8532.249023,3611.802734
8532.249023,3611.802002
8532.249023,3611.80127
8532.25,3600
8532.253906,3611.793213
8532.253906,3600
8532.256836,3611.788818
8532.256836,3611.788574
8532.257812,3611.787842
8532.257812,3611.787598
8532.259766,3611.7854
8532.261719,3611.783691
8532.261719,3611.783691
8532.262695,3611.783447
8532.265625,3611.783203
8532.266602,3611.783203
8532.266602,3611.783203
8532.266602,3611.783447
8532.267578,3611.783691
8532.267578,3611.783691
8532.267578,3611.783936
8532.268555,3611.784424
8532.268555,3611.784424
8532.269531,3611.784912
8532.269531,3611.7854
8532.270508,3611.7854
8532.270508,3611.785645
8532.271484,3611.785889
8532.271484,3611.786133
8532.271484,3611.786377
8532.272461,3611.786621
8532.272461,3611.786865
8532.272461,3611.787109
8532.273437,3611.787354
8532.273437,3611.787598
8532.274414,3611.787842
8532.274414,3611.788086
8532.274414,3611.788086
8532.275391,3611.78833
8532.275391,3611.788574
8532.275391,3611.788818
8532.276367,3611.789062
8532.276367,3611.789307
8532.277344,3611.789307
8532.277344,3611.789551
8532.277344,3611.789551
8532.279297,3611.789795
8532.279297,3611.790039
8532.279297,3611.790283
8532.280273,3611.790283
8532.28125,3611.790527
8532.282227,3611.790771
8532.282227,3611.790771
8532.282227,3611.791016
8532.283203,3611.791016
8532.28418,3611.79126
8532.28418,3611.791504
8532.28418,3611.791504
8532.285156,3611.791504
8532.285156,3611.791748
8532.286133,3611.791748
8532.286133,3611.791748
8532.287109,3611.791748
8532.287109,3611.791992
8532.288086,3611.791992
8532.288086,3611.791992
8532.289062,3611.791992
8532.290039,3611.792236
8532.290039,3611.792236
8532.291016,3611.79248
8532.291992,3611.79248
8532.292969,3611.79248
8532.293945,3611.792725
8532.293945,3611.792725
8532.294922,3611.792969
8532.294922,3611.792969
8532.295898,3611.793213
8532.295898,3611.793213
8532.296875,3611.793457
8532.296875,3611.793457
8532.297852,3611.793701
8532.297852,3611.793701
8532.298828,3611.793701
8532.298828,3611.793701
8532.299805,3611.793701
8532.299805,3611.793945
8532.300781,3611.793945
8532.301758,3611.794189
8532.301758,3611.794189
8532.302734,3611.794189
8532.302734,3611.794189
8532.303711,3611.794189
8532.303711,3611.794189
8532.304687,3611.794189
8532.304687,3611.794189
8532.305664,3611.794189
8532.305664,3611.794434
8532.306641,3611.794434
8532.306641,3611.794434
8532.307617,3611.794434
8532.307617,3611.794434
8532.308594,3611.794678
8532.308594,3611.794678
8532.30957,3611.794678
8532.30957,3611.794922
8532.310547,3611.794922
8532.311523,3611.794922
8532.311523,3611.794922
8532.3125,3611.794922
8532.313477,3611.794922
8532.314453,3611.794922
8532.314453,3611.794922
8532.31543,3611.795166
8532.317383,3611.795166
8532.318359,3611.795166
8532.319336,3611.795166
8532.320312,3611.795166
8532.320312,3611.795166
8532.321289,3611.795166
8532.322266,3611.795166
8532.323242,3611.795166
8532.327148,3611.795166
8532.327148,3611.795166
8532.327148,3611.79541
8532.328125,3611.79541
8532.328125,3611.79541
8532.331055,360
8532.332031,3611.795898
8532.333008,3611.796143
8532.333008,3611.796143
8532.334961,3611.797119
8532.334961,3611.797363
8532.335937,3611.79834
8532.335937,3611.798584
8532.337891,36100
8532.337891,3611.811279
8532.337891,3611.811523
8532.337891,3611.811768
8532.336914,3611.817139
8532.336914,3611.818604
8532.336914,3611.820312
8532.336914,3611.821045
8532.336914,3611.821289
8532.336914,3611.821777
8532.336914,3611.822021
8532.335937,3611.822998
8532.334961,3611.829346
8532.334961,3611.831787
8532.335937,3611.831787
8532.334961,3611.83252
8532.334961,3611.833008
8532.334961,3611.833496
8532.321289,3610
8532.30957,3611.840088
8532.308594,3611.840088
8532.333984,36100
8532.362305,3611.92749
8532.362305,3611.985596
8532.362305,3611.986084
8532.363281,3611.986084
8532.364258,3610
8532.213867,3611.95752
8532.220703,3611.914551